order_month,product_line,product,total_sales,total_budget_sales,total_cogs,total_budget_cogs,total_profit,cogs_pct_sales,budget_cogs_pct_sales,margin,cogs_variance
2017-11-01,Beans,Decaf Irish Cream,3125.00,3420.00,1551.00,1700.00,467.00,0.496320,0.497076,0.149440,-149.00
2017-10-01,Leaves,Lemon,1864.00,1440.00,814.00,610.00,594.00,0.436695,0.423611,0.318670,204.00
2017-06-01,Beans,Decaf Irish Cream,1482.00,1620.00,818.00,930.00,47.00,0.551957,0.574074,0.031714,-112.00
2016-10-01,Beans,Decaf Espresso,3114.00,3130.00,1316.00,1350.00,1257.00,0.422608,0.431310,0.403661,-34.00
2017-10-01,Leaves,Mint,1834.00,1470.00,738.00,590.00,820.00,0.402399,0.401361,0.447110,148.00
2016-08-01,Leaves,Chamomile,1197.00,1040.00,497.00,400.00,402.00,0.415205,0.384615,0.335840,97.00
2015-06-01,Beans,Decaf Espresso,2147.00,2020.00,912.00,840.00,757.00,0.424779,0.415842,0.352585,72.00
2017-03-01,Leaves,Lemon,2349.00,1810.00,995.00,730.00,605.00,0.423585,0.403315,0.257556,265.00
2017-10-01,Leaves,Chamomile,1488.00,1160.00,587.00,460.00,718.00,0.394489,0.396552,0.482527,127.00
2015-06-01,Beans,Decaf Irish Cream,1212.00,1340.00,765.00,880.00,-71.00,0.631188,0.656716,-0.058581,-115.00
2016-08-01,Leaves,Lemon,2273.00,1910.00,971.00,790.00,1056.00,0.427189,0.413613,0.464584,181.00
2015-10-01,Leaves,Lemon,2206.00,1750.00,1002.00,780.00,659.00,0.454216,0.445714,0.298731,222.00
2016-02-01,Leaves,Chamomile,686.00,610.00,289.00,250.00,268.00,0.421283,0.409836,0.390671,39.00
2016-02-01,Leaves,Lemon,465.00,400.00,213.00,180.00,164.00,0.458065,0.450000,0.352688,33.00
2017-06-01,Leaves,Mint,667.00,500.00,583.00,420.00,-181.00,0.874063,0.840000,-0.271364,163.00
2017-09-01,Leaves,Chamomile,1714.00,1470.00,714.00,600.00,759.00,0.416569,0.408163,0.442824,114.00
2015-09-01,Leaves,Mint,1273.00,1010.00,605.00,450.00,383.00,0.475255,0.445545,0.300864,155.00
2018-09-01,Leaves,Lemon,3339.00,2790.00,1492.00,1180.00,1052.00,0.446840,0.422939,0.315064,312.00
2018-04-01,Leaves,Darjeeling,1238.00,880.00,504.00,330.00,476.00,0.407108,0.375000,0.384491,174.00
2016-04-01,Leaves,Chamomile,1383.00,1210.00,591.00,480.00,517.00,0.427332,0.396694,0.373825,111.00
2018-04-01,Beans,Amaretto,810.00,760.00,328.00,290.00,190.00,0.404938,0.381579,0.234568,38.00
2016-04-01,Leaves,Lemon,1749.00,1410.00,761.00,580.00,553.00,0.435106,0.411348,0.316181,181.00
2017-12-01,Beans,Amaretto,1187.00,1290.00,503.00,530.00,284.00,0.423757,0.410853,0.239259,-27.00
2018-12-01,Leaves,Chamomile,5609.00,4730.00,2356.00,1930.00,1887.00,0.420039,0.408034,0.336424,426.00
2016-11-01,Beans,Colombian,2727.00,2860.00,1128.00,1190.00,969.00,0.413641,0.416084,0.355336,-62.00
2016-09-01,Leaves,Chamomile,3231.00,2580.00,1245.00,970.00,1209.00,0.385330,0.375969,0.374188,275.00
2017-12-01,Leaves,Mint,771.00,630.00,527.00,410.00,75.00,0.683528,0.650794,0.097276,117.00
2015-11-01,Beans,Colombian,2974.00,3020.00,1001.00,1010.00,1310.00,0.336584,0.334437,0.440484,-9.00
2015-10-01,Leaves,Chamomile,1505.00,1200.00,606.00,480.00,782.00,0.402658,0.400000,0.519601,126.00
2018-04-01,Leaves,Earl Grey,943.00,640.00,393.00,260.00,284.00,0.416755,0.406250,0.301166,133.00
2017-12-01,Leaves,Chamomile,1860.00,1630.00,817.00,710.00,641.00,0.439247,0.435583,0.344624,107.00
2015-05-01,Beans,Caffe Mocha,1608.00,2120.00,699.00,880.00,599.00,0.434701,0.415094,0.372512,-181.00
2017-12-01,Leaves,Darjeeling,2393.00,1920.00,981.00,730.00,882.00,0.409946,0.380208,0.368575,251.00
2015-08-01,Beans,Caffe Mocha,2467.00,2680.00,1168.00,1210.00,654.00,0.473450,0.451493,0.265099,-42.00
2017-06-01,Leaves,Darjeeling,2242.00,1820.00,926.00,720.00,978.00,0.413024,0.395604,0.436218,206.00
2018-11-01,Leaves,Earl Grey,2689.00,2270.00,1154.00,900.00,840.00,0.429156,0.396476,0.312384,254.00
2017-12-01,Leaves,Lemon,1634.00,1370.00,696.00,570.00,573.00,0.425949,0.416058,0.350673,126.00
2017-06-01,Leaves,Green Tea,1517.00,1200.00,892.00,630.00,-42.00,0.588003,0.525000,-0.027686,262.00
2015-08-01,Beans,Colombian,1701.00,1930.00,740.00,840.00,648.00,0.435038,0.435233,0.380952,-100.00
2017-06-01,Leaves,Earl Grey,1142.00,950.00,473.00,370.00,421.00,0.414186,0.389474,0.368651,103.00
2017-12-01,Beans,Colombian,6585.00,6270.00,2230.00,2110.00,3141.00,0.338648,0.336523,0.476993,120.00
2018-07-01,Beans,Caffe Mocha,2687.00,2390.00,1086.00,940.00,623.00,0.404168,0.393305,0.231857,146.00
2017-03-01,Leaves,Mint,409.00,280.00,334.00,210.00,-166.00,0.816626,0.750000,-0.405868,124.00
2016-05-01,Leaves,Mint,323.00,270.00,174.00,150.00,91.00,0.538700,0.555556,0.281734,24.00
2016-09-01,Beans,Caffe Mocha,2837.00,2800.00,1279.00,1260.00,412.00,0.450828,0.450000,0.145224,19.00
2016-11-01,Leaves,Darjeeling,1418.00,1150.00,579.00,450.00,542.00,0.408322,0.391304,0.382228,129.00
2016-05-01,Leaves,Darjeeling,1934.00,1480.00,836.00,600.00,601.00,0.432265,0.405405,0.310755,236.00
2017-01-01,Beans,Caffe Mocha,553.00,490.00,405.00,350.00,-444.00,0.732369,0.714286,-0.802893,55.00
2015-06-01,Leaves,Green Tea,1053.00,890.00,415.00,330.00,392.00,0.394112,0.370787,0.372270,85.00
2017-01-01,Beans,Regular Espresso,684.00,630.00,331.00,300.00,237.00,0.483918,0.476190,0.346491,31.00
2015-06-01,Leaves,Darjeeling,1897.00,1320.00,805.00,540.00,823.00,0.424354,0.409091,0.433843,265.00
2016-11-01,Leaves,Earl Grey,3117.00,2360.00,1322.00,1010.00,1181.00,0.424126,0.427966,0.378890,312.00
2015-03-01,Leaves,Earl Grey,1366.00,1200.00,572.00,500.00,571.00,0.418741,0.416667,0.418009,72.00
2015-06-01,Leaves,Earl Grey,2017.00,1270.00,885.00,550.00,742.00,0.438770,0.433071,0.367873,335.00
2016-11-01,Leaves,Green Tea,593.00,390.00,451.00,280.00,-348.00,0.760540,0.717949,-0.586847,171.00
2017-11-01,Leaves,Earl Grey,1829.00,1500.00,783.00,600.00,360.00,0.428103,0.400000,0.196829,183.00
2016-09-01,Beans,Regular Espresso,852.00,810.00,398.00,370.00,322.00,0.467136,0.456790,0.377934,28.00
2016-04-01,Leaves,Green Tea,257.00,210.00,105.00,80.00,43.00,0.408560,0.380952,0.167315,25.00
2016-09-01,Beans,Colombian,4950.00,5140.00,1793.00,1880.00,2601.00,0.362222,0.365759,0.525455,-87.00
2015-12-01,Leaves,Green Tea,743.00,550.00,283.00,190.00,234.00,0.380888,0.345455,0.314939,93.00
2017-05-01,Leaves,Green Tea,598.00,460.00,785.00,520.00,-747.00,1.312709,1.130435,-1.249164,265.00
2017-12-01,Beans,Decaf Irish Cream,1592.00,1660.00,684.00,690.00,469.00,0.429648,0.415663,0.294598,-6.00
2016-09-01,Beans,Caffe Latte,860.00,750.00,384.00,340.00,296.00,0.446512,0.453333,0.344186,44.00
2016-12-01,Leaves,Darjeeling,605.00,520.00,246.00,190.00,188.00,0.406612,0.365385,0.310744,56.00
2017-09-01,Beans,Decaf Irish Cream,2522.00,2590.00,1183.00,1210.00,518.00,0.469072,0.467181,0.205393,-27.00
2015-12-01,Leaves,Darjeeling,1365.00,960.00,602.00,430.00,557.00,0.441026,0.447917,0.408059,172.00
2017-11-01,Leaves,Darjeeling,1164.00,990.00,466.00,370.00,424.00,0.400344,0.373737,0.364261,96.00
2016-09-01,Beans,Amaretto,726.00,680.00,319.00,300.00,283.00,0.439394,0.441176,0.389807,19.00
2017-09-01,Beans,Decaf Espresso,3129.00,2880.00,1317.00,1150.00,1071.00,0.420901,0.399306,0.342282,167.00
2017-11-01,Leaves,Green Tea,1428.00,800.00,1053.00,540.00,-659.00,0.737395,0.675000,-0.461485,513.00
2017-12-01,Beans,Decaf Espresso,2349.00,2550.00,1018.00,1100.00,922.00,0.433376,0.431373,0.392507,-82.00
2017-09-01,Leaves,Green Tea,1704.00,1260.00,908.00,620.00,238.00,0.532864,0.492063,0.139671,288.00
2015-09-01,Leaves,Green Tea,1090.00,820.00,678.00,450.00,2.00,0.622018,0.548780,0.001835,228.00
2015-09-01,Leaves,Darjeeling,3688.00,2800.00,1531.00,1130.00,1557.00,0.415130,0.403571,0.422180,401.00
2016-11-01,Beans,Decaf Espresso,4320.00,3800.00,1792.00,1550.00,1710.00,0.414815,0.407895,0.395833,242.00
2018-09-01,Beans,Decaf Irish Cream,4492.00,4720.00,2193.00,2350.00,933.00,0.488201,0.497881,0.207703,-157.00
2018-10-01,Beans,Caffe Mocha,2567.00,2320.00,1186.00,1030.00,29.00,0.462018,0.443966,0.011297,156.00
2016-04-01,Beans,Decaf Irish Cream,2216.00,2400.00,1039.00,1140.00,411.00,0.468863,0.475000,0.185469,-101.00
2016-11-01,Beans,Decaf Irish Cream,2555.00,2790.00,1323.00,1470.00,461.00,0.517808,0.526882,0.180431,-147.00
2016-12-01,Leaves,Chamomile,3244.00,2690.00,1338.00,1070.00,1063.00,0.412454,0.397770,0.327682,268.00
2016-12-01,Leaves,Lemon,4700.00,3820.00,2108.00,1670.00,1064.00,0.448511,0.437173,0.226383,438.00
2018-12-01,Beans,Decaf Espresso,3297.00,3260.00,1396.00,1370.00,1157.00,0.423415,0.420245,0.350925,26.00
2016-04-01,Beans,Decaf Espresso,1453.00,1460.00,633.00,630.00,584.00,0.435650,0.431507,0.401927,3.00
2015-09-01,Leaves,Earl Grey,5983.00,4290.00,2570.00,1840.00,2236.00,0.429550,0.428904,0.373726,730.00
2018-09-01,Leaves,Mint,1515.00,1270.00,684.00,570.00,468.00,0.451485,0.448819,0.308911,114.00
2018-06-01,Beans,Decaf Irish Cream,2052.00,2130.00,944.00,1000.00,586.00,0.460039,0.469484,0.285575,-56.00
2017-07-01,Leaves,Mint,634.00,560.00,290.00,250.00,200.00,0.457413,0.446429,0.315457,40.00
2015-11-01,Beans,Decaf Irish Cream,2611.00,2670.00,1040.00,1110.00,1032.00,0.398315,0.415730,0.395251,-70.00
2015-09-01,Beans,Decaf Irish Cream,2875.00,3500.00,1265.00,1490.00,773.00,0.440000,0.425714,0.268870,-225.00
2018-09-01,Leaves,Chamomile,1855.00,1580.00,757.00,620.00,603.00,0.408086,0.392405,0.325067,137.00
2015-08-01,Leaves,Earl Grey,878.00,680.00,363.00,260.00,281.00,0.413440,0.382353,0.320046,103.00
2015-08-01,Leaves,Green Tea,616.00,500.00,487.00,360.00,-190.00,0.790584,0.720000,-0.308442,127.00
2015-10-01,Beans,Decaf Espresso,232.00,190.00,96.00,80.00,57.00,0.413793,0.421053,0.245690,16.00
2018-06-01,Beans,Decaf Espresso,3002.00,2870.00,1310.00,1270.00,1225.00,0.436376,0.442509,0.408061,40.00
2017-01-01,Beans,Decaf Espresso,123.00,110.00,50.00,40.00,48.00,0.406504,0.363636,0.390244,10.00
2015-12-01,Leaves,Chamomile,4097.00,3460.00,1693.00,1400.00,1508.00,0.413229,0.404624,0.368074,293.00
2018-04-01,Leaves,Green Tea,784.00,720.00,611.00,460.00,-328.00,0.779337,0.638889,-0.418367,151.00
2016-09-01,Beans,Decaf Espresso,2359.00,2280.00,1032.00,960.00,735.00,0.437474,0.421053,0.311573,72.00
2015-11-01,Leaves,Chamomile,3564.00,3050.00,1484.00,1200.00,1158.00,0.416386,0.393443,0.324916,284.00
2018-11-01,Beans,Decaf Irish Cream,2019.00,2110.00,1153.00,1270.00,211.00,0.571075,0.601896,0.104507,-117.00
2018-12-01,Beans,Amaretto,1384.00,1470.00,634.00,650.00,317.00,0.458092,0.442177,0.229046,-16.00
2018-05-01,Beans,Decaf Irish Cream,2879.00,3080.00,1205.00,1270.00,747.00,0.418548,0.412338,0.259465,-65.00
2018-10-01,Beans,Decaf Irish Cream,1387.00,1500.00,597.00,650.00,305.00,0.430425,0.433333,0.219899,-53.00
2016-07-01,Beans,Colombian,1708.00,1880.00,708.00,740.00,429.00,0.414520,0.393617,0.251171,-32.00
2015-11-01,Leaves,Lemon,2164.00,1840.00,950.00,770.00,323.00,0.439002,0.418478,0.149261,180.00
2016-12-01,Beans,Decaf Irish Cream,3259.00,3400.00,1497.00,1600.00,910.00,0.459343,0.470588,0.279227,-103.00
2018-09-01,Beans,Caffe Mocha,5142.00,5710.00,2394.00,2560.00,1002.00,0.465578,0.448336,0.194866,-166.00
2015-12-01,Beans,Decaf Espresso,1256.00,1340.00,555.00,570.00,388.00,0.441879,0.425373,0.308917,-15.00
2015-09-01,Leaves,Chamomile,536.00,460.00,226.00,160.00,186.00,0.421642,0.347826,0.347015,66.00
2017-04-01,Leaves,Chamomile,426.00,360.00,171.00,140.00,145.00,0.401408,0.388889,0.340376,31.00
2017-04-01,Beans,Decaf Espresso,2120.00,2130.00,927.00,910.00,733.00,0.437264,0.427230,0.345755,17.00
2015-11-01,Beans,Decaf Espresso,718.00,760.00,290.00,280.00,248.00,0.403900,0.368421,0.345404,10.00
2018-10-01,Beans,Amaretto,953.00,1080.00,397.00,440.00,188.00,0.416579,0.407407,0.197272,-43.00
2018-11-01,Leaves,Lemon,2611.00,2120.00,1100.00,870.00,970.00,0.421295,0.410377,0.371505,230.00
2018-10-01,Beans,Colombian,2902.00,2910.00,954.00,930.00,1384.00,0.328739,0.319588,0.476912,24.00
2017-08-01,Leaves,Lemon,2107.00,1510.00,1045.00,720.00,453.00,0.495966,0.476821,0.214998,325.00
2016-01-01,Beans,Amaretto,165.00,160.00,72.00,60.00,24.00,0.436364,0.375000,0.145455,12.00
2015-08-01,Beans,Decaf Espresso,478.00,450.00,190.00,170.00,213.00,0.397490,0.377778,0.445607,20.00
2017-08-01,Leaves,Mint,785.00,640.00,477.00,370.00,32.00,0.607643,0.578125,0.040764,107.00
2016-01-01,Beans,Colombian,173.00,210.00,75.00,70.00,27.00,0.433526,0.333333,0.156069,5.00
2017-07-01,Beans,Decaf Irish Cream,1401.00,1460.00,801.00,880.00,288.00,0.571734,0.602740,0.205567,-79.00
2016-11-01,Beans,Regular Espresso,133.00,120.00,59.00,40.00,-14.00,0.443609,0.333333,-0.105263,19.00
2018-11-01,Beans,Colombian,8114.00,8780.00,3209.00,3500.00,3189.00,0.395489,0.398633,0.393024,-291.00
2017-04-01,Leaves,Darjeeling,2075.00,1670.00,877.00,690.00,895.00,0.422651,0.413174,0.431325,187.00
2017-07-01,Beans,Decaf Espresso,1700.00,1670.00,766.00,760.00,642.00,0.450588,0.455090,0.377647,6.00
2016-10-01,Beans,Amaretto,1037.00,1050.00,422.00,430.00,434.00,0.406943,0.409524,0.418515,-8.00
2018-06-01,Beans,Caffe Mocha,2778.00,2570.00,1147.00,1020.00,847.00,0.412887,0.396887,0.304896,127.00
2016-09-01,Leaves,Earl Grey,1619.00,1180.00,738.00,510.00,415.00,0.455837,0.432203,0.256331,228.00
2017-12-01,Beans,Caffe Latte,579.00,470.00,244.00,190.00,66.00,0.421416,0.404255,0.113990,54.00
2017-09-01,Beans,Caffe Mocha,2599.00,2430.00,1141.00,1090.00,748.00,0.439015,0.448560,0.287803,51.00
2016-10-01,Beans,Colombian,2191.00,2130.00,727.00,690.00,1024.00,0.331812,0.323944,0.467366,37.00
2017-08-01,Beans,Caffe Mocha,1701.00,1600.00,941.00,860.00,-314.00,0.553204,0.537500,-0.184597,81.00
2017-08-01,Beans,Amaretto,93.00,80.00,38.00,30.00,20.00,0.408602,0.375000,0.215054,8.00
2017-11-01,Beans,Caffe Mocha,2329.00,2100.00,1044.00,910.00,302.00,0.448261,0.433333,0.129669,134.00
2015-07-01,Leaves,Green Tea,402.00,400.00,168.00,140.00,170.00,0.417910,0.350000,0.422886,28.00
2017-08-01,Beans,Colombian,2687.00,2860.00,1063.00,1140.00,1164.00,0.395608,0.398601,0.433197,-77.00
2016-10-01,Beans,Caffe Mocha,974.00,920.00,400.00,360.00,184.00,0.410678,0.391304,0.188912,40.00
2015-07-01,Leaves,Darjeeling,1525.00,1180.00,666.00,470.00,446.00,0.436721,0.398305,0.292459,196.00
2015-03-01,Beans,Caffe Mocha,1175.00,1310.00,528.00,560.00,327.00,0.449362,0.427481,0.278298,-32.00
2016-11-01,Beans,Caffe Mocha,3301.00,3450.00,1420.00,1410.00,943.00,0.430173,0.408696,0.285671,10.00
2016-06-01,Leaves,Darjeeling,1506.00,870.00,604.00,330.00,741.00,0.401062,0.379310,0.492032,274.00
2015-04-01,Leaves,Green Tea,717.00,540.00,275.00,190.00,215.00,0.383543,0.351852,0.299861,85.00
2017-11-01,Beans,Amaretto,1513.00,1580.00,680.00,710.00,289.00,0.449438,0.449367,0.191011,-30.00
2015-12-01,Beans,Amaretto,756.00,790.00,320.00,340.00,281.00,0.423280,0.430380,0.371693,-20.00
2018-07-01,Beans,Colombian,6201.00,6380.00,2272.00,2450.00,3057.00,0.366393,0.384013,0.492985,-178.00
2015-04-01,Leaves,Darjeeling,2461.00,1670.00,1009.00,650.00,938.00,0.409996,0.389222,0.381146,359.00
2015-12-01,Beans,Colombian,4098.00,4470.00,1613.00,1750.00,1506.00,0.393607,0.391499,0.367496,-137.00
2018-06-01,Leaves,Darjeeling,645.00,510.00,248.00,190.00,242.00,0.384496,0.372549,0.375194,58.00
2018-07-01,Leaves,Earl Grey,2080.00,1670.00,892.00,700.00,666.00,0.428846,0.419162,0.320192,192.00
2017-10-01,Beans,Caffe Latte,608.00,550.00,247.00,210.00,169.00,0.406250,0.381818,0.277961,37.00
2016-10-01,Beans,Caffe Latte,1325.00,1180.00,600.00,530.00,471.00,0.452830,0.449153,0.355472,70.00
2018-12-01,Beans,Caffe Latte,2216.00,1850.00,952.00,790.00,580.00,0.429603,0.427027,0.261733,162.00
2017-11-01,Beans,Caffe Latte,360.00,310.00,149.00,130.00,132.00,0.413889,0.419355,0.366667,19.00
2018-12-01,Beans,Regular Espresso,429.00,410.00,210.00,190.00,99.00,0.489510,0.463415,0.230769,20.00
2017-10-01,Beans,Caffe Mocha,407.00,340.00,294.00,250.00,-248.00,0.722359,0.735294,-0.609337,44.00
2018-06-01,Beans,Regular Espresso,1126.00,1090.00,494.00,460.00,446.00,0.438721,0.422018,0.396092,34.00
2017-09-01,Leaves,Earl Grey,3069.00,2180.00,1325.00,900.00,919.00,0.431737,0.412844,0.299446,425.00
2018-11-01,Beans,Caffe Mocha,3540.00,3470.00,1494.00,1430.00,1281.00,0.422034,0.412104,0.361864,64.00
2016-05-01,Beans,Caffe Mocha,639.00,670.00,263.00,270.00,203.00,0.411581,0.402985,0.317684,-7.00
2018-12-01,Beans,Colombian,5843.00,6110.00,2032.00,2160.00,2693.00,0.347767,0.353519,0.460893,-128.00
2015-12-01,Beans,Caffe Mocha,1838.00,1690.00,871.00,800.00,103.00,0.473885,0.473373,0.056039,71.00
2015-08-01,Beans,Amaretto,320.00,390.00,141.00,160.00,48.00,0.440625,0.410256,0.150000,-19.00
2015-06-01,Leaves,Chamomile,1892.00,1640.00,819.00,670.00,590.00,0.432875,0.408537,0.311839,149.00
2018-12-01,Beans,Caffe Mocha,4007.00,4090.00,1824.00,1810.00,921.00,0.455203,0.442543,0.229848,14.00
2016-03-01,Beans,Colombian,1352.00,1340.00,534.00,530.00,383.00,0.394970,0.395522,0.283284,4.00
2017-04-01,Beans,Decaf Irish Cream,1266.00,1320.00,562.00,570.00,368.00,0.443918,0.431818,0.290679,-8.00
2016-04-01,Beans,Colombian,1246.00,1210.00,490.00,490.00,543.00,0.393258,0.404959,0.435795,0.00
2018-04-01,Leaves,Chamomile,2124.00,1840.00,871.00,730.00,806.00,0.410075,0.396739,0.379473,141.00
2017-06-01,Beans,Colombian,1835.00,1670.00,549.00,530.00,1128.00,0.299183,0.317365,0.614714,19.00
2017-09-01,Leaves,Lemon,2976.00,2440.00,1356.00,1050.00,947.00,0.455645,0.430328,0.318212,306.00
2016-02-01,Beans,Caffe Mocha,2034.00,2290.00,888.00,990.00,641.00,0.436578,0.432314,0.315143,-102.00
2017-06-01,Beans,Caffe Latte,578.00,510.00,218.00,180.00,237.00,0.377163,0.352941,0.410035,38.00
2016-01-01,Leaves,Chamomile,639.00,540.00,291.00,230.00,221.00,0.455399,0.425926,0.345853,61.00
2018-03-01,Beans,Decaf Espresso,1157.00,1010.00,472.00,400.00,381.00,0.407952,0.396040,0.329300,72.00
2018-03-01,Beans,Decaf Irish Cream,1479.00,1610.00,792.00,880.00,265.00,0.535497,0.546584,0.179175,-88.00
2015-09-01,Leaves,Lemon,920.00,720.00,385.00,270.00,156.00,0.418478,0.375000,0.169565,115.00
2018-09-01,Beans,Decaf Espresso,3749.00,3720.00,1587.00,1540.00,1288.00,0.423313,0.413978,0.343558,47.00
2015-08-01,Leaves,Mint,682.00,500.00,416.00,300.00,-4.00,0.609971,0.600000,-0.005865,116.00
2015-12-01,Beans,Caffe Latte,505.00,470.00,183.00,150.00,185.00,0.362376,0.319149,0.366337,33.00
2016-01-01,Leaves,Lemon,319.00,270.00,137.00,110.00,65.00,0.429467,0.407407,0.203762,27.00
2015-09-01,Beans,Caffe Mocha,2408.00,2340.00,1091.00,1040.00,731.00,0.453073,0.444444,0.303571,51.00
2015-08-01,Leaves,Chamomile,2306.00,2010.00,957.00,790.00,860.00,0.415004,0.393035,0.372940,167.00
2015-09-01,Beans,Decaf Espresso,1748.00,1520.00,718.00,610.00,639.00,0.410755,0.401316,0.365561,108.00
2016-12-01,Leaves,Mint,1326.00,1040.00,555.00,430.00,525.00,0.418552,0.413462,0.395928,125.00
2018-12-01,Leaves,Mint,1953.00,1570.00,1341.00,1020.00,-122.00,0.686636,0.649682,-0.062468,321.00
2017-11-01,Leaves,Chamomile,3946.00,3370.00,1707.00,1380.00,1617.00,0.432590,0.409496,0.409782,327.00
2017-10-01,Beans,Amaretto,706.00,700.00,289.00,290.00,278.00,0.409348,0.414286,0.393768,-1.00
2018-12-01,Leaves,Darjeeling,4440.00,3530.00,1827.00,1380.00,1971.00,0.411486,0.390935,0.443919,447.00
2018-02-01,Leaves,Chamomile,1214.00,1030.00,503.00,420.00,371.00,0.414333,0.407767,0.305601,83.00
2017-10-01,Beans,Colombian,2799.00,3010.00,1175.00,1240.00,970.00,0.419793,0.411960,0.346552,-65.00
2018-12-01,Leaves,Earl Grey,4121.00,3090.00,1765.00,1260.00,1500.00,0.428294,0.407767,0.363989,505.00
2018-05-01,Beans,Colombian,2122.00,2260.00,734.00,830.00,1061.00,0.345900,0.367257,0.500000,-96.00
2018-02-01,Leaves,Lemon,930.00,720.00,391.00,280.00,170.00,0.420430,0.388889,0.182796,111.00
2018-05-01,Beans,Caffe Mocha,1376.00,1190.00,561.00,450.00,202.00,0.407703,0.378151,0.146802,111.00
2015-07-01,Beans,Caffe Mocha,1012.00,1150.00,459.00,510.00,317.00,0.453557,0.443478,0.313241,-51.00
2018-11-01,Leaves,Green Tea,2450.00,1790.00,1240.00,840.00,380.00,0.506122,0.469274,0.155102,400.00
2016-08-01,Leaves,Mint,627.00,510.00,401.00,310.00,46.00,0.639553,0.607843,0.073365,91.00
2018-11-01,Leaves,Darjeeling,3343.00,2800.00,1429.00,1130.00,1248.00,0.427460,0.403571,0.373317,299.00
2015-07-01,Beans,Colombian,2173.00,2250.00,752.00,790.00,1023.00,0.346065,0.351111,0.470778,-38.00
2017-07-01,Leaves,Lemon,1646.00,1450.00,694.00,580.00,422.00,0.421628,0.400000,0.256379,114.00
2017-09-01,Beans,Colombian,2614.00,2760.00,1055.00,1160.00,1045.00,0.403596,0.420290,0.399770,-105.00
2017-07-01,Leaves,Chamomile,1862.00,1620.00,772.00,610.00,401.00,0.414608,0.376543,0.215360,162.00
2018-08-01,Beans,Caffe Mocha,3070.00,2880.00,1346.00,1250.00,783.00,0.438436,0.434028,0.255049,96.00
2017-03-01,Leaves,Earl Grey,2241.00,1670.00,950.00,700.00,966.00,0.423918,0.419162,0.431058,250.00
2018-03-01,Leaves,Green Tea,532.00,420.00,224.00,160.00,105.00,0.421053,0.380952,0.197368,64.00
2016-04-01,Beans,Caffe Mocha,1051.00,1060.00,521.00,510.00,100.00,0.495718,0.481132,0.095147,11.00
2017-05-01,Leaves,Chamomile,2897.00,2440.00,1188.00,940.00,986.00,0.410079,0.385246,0.340352,248.00
2016-04-01,Beans,Regular Espresso,325.00,310.00,162.00,150.00,94.00,0.498462,0.483871,0.289231,12.00
2017-03-01,Leaves,Green Tea,253.00,230.00,86.00,70.00,116.00,0.339921,0.304348,0.458498,16.00
2018-10-01,Leaves,Darjeeling,1387.00,1190.00,549.00,450.00,577.00,0.395818,0.378151,0.416006,99.00
2017-05-01,Leaves,Lemon,3361.00,2700.00,1446.00,1110.00,820.00,0.430229,0.411111,0.243975,336.00
2017-10-01,Beans,Regular Espresso,611.00,590.00,279.00,250.00,194.00,0.456628,0.423729,0.317512,29.00
2015-01-01,Leaves,Darjeeling,1137.00,1070.00,460.00,400.00,434.00,0.404573,0.373832,0.381706,60.00
2016-06-01,Beans,Caffe Latte,951.00,790.00,393.00,320.00,266.00,0.413249,0.405063,0.279706,73.00
2015-08-01,Leaves,Darjeeling,1082.00,880.00,433.00,330.00,498.00,0.400185,0.375000,0.460259,103.00
2018-10-01,Leaves,Earl Grey,1678.00,1250.00,664.00,500.00,728.00,0.395709,0.400000,0.433850,164.00
2018-08-01,Leaves,Green Tea,961.00,830.00,619.00,490.00,27.00,0.644121,0.590361,0.028096,129.00
2016-03-01,Leaves,Mint,373.00,320.00,197.00,160.00,70.00,0.528150,0.500000,0.187668,37.00
2016-11-01,Beans,Amaretto,1185.00,1210.00,548.00,560.00,257.00,0.462447,0.462810,0.216878,-12.00
2016-12-01,Beans,Colombian,6974.00,7850.00,2453.00,2810.00,3652.00,0.351735,0.357962,0.523659,-357.00
2016-03-01,Leaves,Darjeeling,1452.00,1140.00,649.00,480.00,435.00,0.446970,0.421053,0.299587,169.00
2016-12-01,Beans,Caffe Latte,1744.00,1500.00,769.00,670.00,520.00,0.440940,0.446667,0.298165,99.00
2017-07-01,Leaves,Green Tea,631.00,480.00,524.00,350.00,-178.00,0.830428,0.729167,-0.282092,174.00
2015-11-01,Beans,Caffe Mocha,2913.00,3020.00,1226.00,1230.00,1202.00,0.420872,0.407285,0.412633,-4.00
2017-07-01,Leaves,Darjeeling,1543.00,1090.00,622.00,430.00,669.00,0.403111,0.394495,0.433571,192.00
2018-10-01,Beans,Decaf Espresso,3067.00,2900.00,1269.00,1170.00,1137.00,0.413759,0.403448,0.370721,99.00
2017-07-01,Leaves,Earl Grey,1136.00,780.00,500.00,330.00,428.00,0.440141,0.423077,0.376761,170.00
2017-10-01,Leaves,Earl Grey,441.00,260.00,180.00,100.00,130.00,0.408163,0.384615,0.294785,80.00
2015-03-01,Beans,Decaf Irish Cream,752.00,840.00,326.00,350.00,295.00,0.433511,0.416667,0.392287,-24.00
2018-12-01,Leaves,Green Tea,1231.00,980.00,731.00,500.00,89.00,0.593826,0.510204,0.072299,231.00
2015-06-01,Leaves,Lemon,1444.00,1250.00,621.00,500.00,446.00,0.430055,0.400000,0.308864,121.00
2018-01-01,Leaves,Darjeeling,1440.00,1060.00,556.00,410.00,655.00,0.386111,0.386792,0.454861,146.00
2018-06-01,Leaves,Lemon,4495.00,3620.00,1873.00,1480.00,1673.00,0.416685,0.408840,0.372191,393.00
2015-12-01,Beans,Decaf Irish Cream,1719.00,1750.00,701.00,720.00,668.00,0.407795,0.411429,0.388598,-19.00
2018-10-01,Leaves,Mint,2098.00,1730.00,1034.00,800.00,591.00,0.492850,0.462428,0.281697,234.00
2015-03-01,Beans,Decaf Espresso,443.00,450.00,190.00,180.00,188.00,0.428894,0.400000,0.424379,10.00
2018-01-01,Leaves,Green Tea,813.00,740.00,599.00,470.00,-176.00,0.736777,0.635135,-0.216482,129.00
2017-06-01,Beans,Decaf Espresso,1131.00,920.00,453.00,370.00,529.00,0.400531,0.402174,0.467728,83.00
2016-10-01,Leaves,Chamomile,670.00,550.00,310.00,230.00,229.00,0.462687,0.418182,0.341791,80.00
2015-05-01,Beans,Decaf Espresso,920.00,840.00,380.00,340.00,271.00,0.413043,0.404762,0.294565,40.00
2018-01-01,Beans,Decaf Irish Cream,913.00,920.00,375.00,380.00,337.00,0.410734,0.413043,0.369113,-5.00
2015-05-01,Beans,Decaf Irish Cream,792.00,810.00,315.00,330.00,335.00,0.397727,0.407407,0.422980,-15.00
2017-09-01,Leaves,Mint,1921.00,1490.00,1265.00,920.00,-61.00,0.658511,0.617450,-0.031754,345.00
2017-05-01,Leaves,Earl Grey,2393.00,1860.00,1003.00,740.00,895.00,0.419139,0.397849,0.374008,263.00
2015-12-01,Leaves,Mint,1005.00,810.00,712.00,530.00,12.00,0.708458,0.654321,0.011940,182.00
2015-04-01,Leaves,Chamomile,804.00,700.00,336.00,270.00,178.00,0.417910,0.385714,0.221393,66.00
2016-12-01,Leaves,Earl Grey,785.00,680.00,322.00,270.00,312.00,0.410191,0.397059,0.397452,52.00
2018-12-01,Leaves,Lemon,4341.00,3770.00,1934.00,1610.00,1286.00,0.445519,0.427056,0.296245,324.00
2018-11-01,Beans,Decaf Espresso,5590.00,6010.00,2443.00,2610.00,2126.00,0.437030,0.434276,0.380322,-167.00
2018-03-01,Beans,Amaretto,470.00,490.00,292.00,320.00,-43.00,0.621277,0.653061,-0.091489,-28.00
2018-10-01,Leaves,Green Tea,1286.00,1100.00,769.00,590.00,195.00,0.597978,0.536364,0.151633,179.00
2017-04-01,Beans,Amaretto,1049.00,1120.00,563.00,610.00,73.00,0.536702,0.544643,0.069590,-47.00
2016-09-01,Leaves,Green Tea,797.00,630.00,331.00,250.00,217.00,0.415307,0.396825,0.272271,81.00
2017-04-01,Beans,Colombian,3977.00,4290.00,1623.00,1710.00,1324.00,0.408097,0.398601,0.332914,-87.00
2018-08-01,Beans,Decaf Irish Cream,842.00,950.00,349.00,390.00,224.00,0.414489,0.410526,0.266033,-41.00
2018-03-01,Leaves,Chamomile,500.00,420.00,200.00,160.00,171.00,0.400000,0.380952,0.342000,40.00
2017-04-01,Beans,Caffe Mocha,2580.00,2820.00,1091.00,1210.00,1061.00,0.422868,0.429078,0.411240,-119.00
2018-08-01,Beans,Decaf Espresso,1659.00,1640.00,738.00,710.00,631.00,0.444846,0.432927,0.380350,28.00
2018-03-01,Leaves,Lemon,1855.00,1580.00,779.00,630.00,703.00,0.419946,0.398734,0.378976,149.00
2017-05-01,Beans,Decaf Irish Cream,1219.00,1370.00,662.00,740.00,58.00,0.543068,0.540146,0.047580,-78.00
2017-05-01,Beans,Decaf Espresso,669.00,570.00,265.00,210.00,266.00,0.396114,0.368421,0.397608,55.00
2017-11-01,Leaves,Lemon,5091.00,4200.00,2147.00,1690.00,1753.00,0.421725,0.402381,0.344333,457.00
2016-12-01,Beans,Decaf Espresso,4343.00,4230.00,1925.00,1870.00,1765.00,0.443242,0.442080,0.406401,55.00
2015-02-01,Beans,Colombian,606.00,570.00,246.00,220.00,166.00,0.405941,0.385965,0.273927,26.00
2018-09-01,Beans,Colombian,7981.00,8060.00,2921.00,2960.00,3745.00,0.365994,0.367246,0.469239,-39.00
2018-11-01,Leaves,Mint,1515.00,1250.00,789.00,620.00,326.00,0.520792,0.496000,0.215182,169.00
2015-02-01,Beans,Decaf Espresso,198.00,170.00,81.00,60.00,84.00,0.409091,0.352941,0.424242,21.00
2017-12-01,Beans,Caffe Mocha,3338.00,3520.00,1446.00,1500.00,863.00,0.433194,0.426136,0.258538,-54.00
2015-05-01,Beans,Amaretto,650.00,710.00,283.00,300.00,201.00,0.435385,0.422535,0.309231,-17.00
2016-12-01,Beans,Regular Espresso,572.00,510.00,263.00,230.00,132.00,0.459790,0.450980,0.230769,33.00
2015-05-01,Beans,Colombian,1494.00,1540.00,639.00,660.00,495.00,0.427711,0.428571,0.331325,-21.00
2017-04-01,Beans,Caffe Latte,1698.00,1540.00,779.00,690.00,473.00,0.458775,0.448052,0.278563,89.00
2017-08-01,Beans,Regular Espresso,433.00,410.00,209.00,180.00,68.00,0.482679,0.439024,0.157044,29.00
2016-05-01,Leaves,Green Tea,422.00,320.00,158.00,100.00,189.00,0.374408,0.312500,0.447867,58.00
2017-05-01,Beans,Colombian,2073.00,2410.00,904.00,1050.00,676.00,0.436083,0.435685,0.326097,-146.00
2016-01-01,Beans,Caffe Mocha,107.00,90.00,44.00,30.00,-7.00,0.411215,0.333333,-0.065421,14.00
2018-03-01,Beans,Caffe Mocha,2100.00,2470.00,953.00,1090.00,680.00,0.453810,0.441296,0.323810,-137.00
2018-07-01,Beans,Caffe Latte,1524.00,1280.00,668.00,560.00,522.00,0.438320,0.437500,0.342520,108.00
2016-12-01,Beans,Amaretto,1301.00,1360.00,725.00,830.00,266.00,0.557264,0.610294,0.204458,-105.00
2016-05-01,Leaves,Earl Grey,895.00,670.00,411.00,290.00,287.00,0.459218,0.432836,0.320670,121.00
2018-09-01,Leaves,Earl Grey,1134.00,880.00,488.00,350.00,416.00,0.430335,0.397727,0.366843,138.00
2017-06-01,Beans,Caffe Mocha,1650.00,1620.00,779.00,750.00,349.00,0.472121,0.462963,0.211515,29.00
2017-06-01,Beans,Regular Espresso,1608.00,1520.00,612.00,570.00,894.00,0.380597,0.375000,0.555970,42.00
2016-04-01,Leaves,Earl Grey,1635.00,1210.00,742.00,530.00,595.00,0.453823,0.438017,0.363914,212.00
2015-11-01,Beans,Caffe Latte,718.00,640.00,284.00,230.00,234.00,0.395543,0.359375,0.325905,54.00
2017-07-01,Beans,Caffe Latte,680.00,560.00,271.00,230.00,224.00,0.398529,0.410714,0.329412,41.00
2018-11-01,Beans,Caffe Latte,1158.00,990.00,462.00,360.00,340.00,0.398964,0.363636,0.293610,102.00
2015-09-01,Beans,Amaretto,822.00,840.00,481.00,520.00,22.00,0.585158,0.619048,0.026764,-39.00
2015-04-01,Beans,Decaf Irish Cream,373.00,350.00,155.00,140.00,87.00,0.415550,0.400000,0.233244,15.00
2015-10-01,Beans,Caffe Mocha,1601.00,1320.00,652.00,490.00,452.00,0.407245,0.371212,0.282324,162.00
2018-05-01,Beans,Decaf Espresso,2006.00,2010.00,911.00,920.00,779.00,0.454138,0.457711,0.388335,-9.00
2018-06-01,Beans,Caffe Latte,1540.00,1260.00,592.00,480.00,373.00,0.384416,0.380952,0.242208,112.00
2015-07-01,Leaves,Chamomile,1351.00,1170.00,563.00,450.00,392.00,0.416728,0.384615,0.290155,113.00
2018-10-01,Leaves,Chamomile,3118.00,2570.00,1279.00,1000.00,1161.00,0.410199,0.389105,0.372354,279.00
2018-06-01,Leaves,Chamomile,1621.00,1350.00,687.00,520.00,555.00,0.423812,0.385185,0.342381,167.00
2017-08-01,Beans,Caffe Latte,500.00,420.00,204.00,160.00,184.00,0.408000,0.380952,0.368000,44.00
2015-07-01,Beans,Decaf Espresso,1598.00,1560.00,689.00,670.00,629.00,0.431164,0.429487,0.393617,19.00
2015-01-01,Beans,Decaf Irish Cream,1046.00,1280.00,478.00,570.00,157.00,0.456979,0.445313,0.150096,-92.00
2018-10-01,Leaves,Lemon,2581.00,2140.00,1098.00,850.00,678.00,0.425417,0.397196,0.262689,248.00
2016-08-01,Beans,Caffe Mocha,1267.00,1190.00,532.00,480.00,188.00,0.419890,0.403361,0.148382,52.00
2017-02-01,Beans,Amaretto,318.00,320.00,129.00,130.00,137.00,0.405660,0.406250,0.430818,-1.00
2016-09-01,Leaves,Lemon,2488.00,1990.00,1082.00,840.00,828.00,0.434887,0.422111,0.332797,242.00
2015-10-01,Beans,Colombian,2630.00,2800.00,1100.00,1150.00,725.00,0.418251,0.410714,0.275665,-50.00
2017-03-01,Leaves,Chamomile,1051.00,900.00,448.00,390.00,391.00,0.426261,0.433333,0.372027,58.00
2017-07-01,Beans,Colombian,2153.00,2180.00,886.00,890.00,711.00,0.411519,0.408257,0.330237,-4.00
2018-07-01,Leaves,Mint,340.00,250.00,278.00,200.00,-66.00,0.817647,0.800000,-0.194118,78.00
2017-05-01,Leaves,Darjeeling,2680.00,2120.00,1110.00,860.00,1173.00,0.414179,0.405660,0.437687,250.00
2018-01-01,Leaves,Earl Grey,517.00,470.00,206.00,190.00,243.00,0.398453,0.404255,0.470019,16.00
2018-01-01,Beans,Caffe Mocha,1092.00,980.00,638.00,570.00,-400.00,0.584249,0.581633,-0.366300,68.00
2016-07-01,Leaves,Darjeeling,2675.00,2110.00,1151.00,880.00,1029.00,0.430280,0.417062,0.384673,271.00
2018-01-01,Beans,Regular Espresso,1788.00,1680.00,810.00,750.00,760.00,0.453020,0.446429,0.425056,60.00
2018-01-01,Beans,Colombian,1889.00,2140.00,798.00,910.00,714.00,0.422446,0.425234,0.377978,-112.00
2016-08-01,Leaves,Earl Grey,1452.00,950.00,633.00,390.00,496.00,0.435950,0.410526,0.341598,243.00
2016-08-01,Leaves,Green Tea,582.00,400.00,211.00,130.00,212.00,0.362543,0.325000,0.364261,81.00
2018-01-01,Beans,Caffe Latte,1020.00,900.00,442.00,390.00,388.00,0.433333,0.433333,0.380392,52.00
2016-08-01,Beans,Decaf Irish Cream,1091.00,1220.00,471.00,510.00,256.00,0.431714,0.418033,0.234647,-39.00
2018-04-01,Leaves,Lemon,3475.00,2690.00,1409.00,1010.00,1535.00,0.405468,0.375465,0.441727,399.00
2015-01-01,Beans,Amaretto,220.00,230.00,170.00,200.00,-41.00,0.772727,0.869565,-0.186364,-30.00
2015-06-01,Leaves,Mint,1257.00,1020.00,589.00,470.00,324.00,0.468576,0.460784,0.257757,119.00
2015-01-01,Beans,Colombian,1299.00,1440.00,505.00,570.00,546.00,0.388761,0.395833,0.420323,-65.00
2016-10-01,Beans,Decaf Irish Cream,507.00,560.00,320.00,360.00,-11.00,0.631164,0.642857,-0.021696,-40.00
2017-01-01,Leaves,Darjeeling,1072.00,880.00,479.00,370.00,303.00,0.446828,0.420455,0.282649,109.00
2015-01-01,Beans,Caffe Latte,521.00,500.00,260.00,240.00,165.00,0.499040,0.480000,0.316699,20.00
2017-08-01,Leaves,Chamomile,1449.00,1230.00,623.00,510.00,592.00,0.429952,0.414634,0.408558,113.00
2016-05-01,Beans,Decaf Espresso,632.00,560.00,281.00,240.00,175.00,0.444620,0.428571,0.276899,41.00
2015-01-01,Leaves,Earl Grey,1812.00,1610.00,778.00,650.00,597.00,0.429360,0.403727,0.329470,128.00
2016-06-01,Beans,Decaf Irish Cream,478.00,570.00,194.00,230.00,100.00,0.405858,0.403509,0.209205,-36.00
2015-05-01,Leaves,Lemon,646.00,540.00,275.00,220.00,116.00,0.425697,0.407407,0.179567,55.00
2016-06-01,Beans,Decaf Espresso,1241.00,1120.00,515.00,440.00,436.00,0.414988,0.392857,0.351330,75.00
2017-09-01,Leaves,Darjeeling,1587.00,1290.00,634.00,490.00,695.00,0.399496,0.379845,0.437933,144.00
2016-10-01,Leaves,Green Tea,802.00,730.00,569.00,440.00,-55.00,0.709476,0.602740,-0.068579,129.00
2018-04-01,Beans,Decaf Irish Cream,898.00,990.00,428.00,470.00,219.00,0.476615,0.474747,0.243875,-42.00
2018-08-01,Leaves,Darjeeling,1819.00,1640.00,756.00,670.00,875.00,0.415613,0.408537,0.481034,86.00
2017-04-01,Leaves,Lemon,1587.00,1260.00,722.00,530.00,307.00,0.454946,0.420635,0.193447,192.00
2018-04-01,Beans,Decaf Espresso,2491.00,2420.00,1094.00,1020.00,931.00,0.439181,0.421488,0.373745,74.00
2017-01-01,Leaves,Earl Grey,1582.00,1130.00,716.00,500.00,647.00,0.452592,0.442478,0.408976,216.00
2018-02-01,Beans,Amaretto,329.00,320.00,139.00,130.00,97.00,0.422492,0.406250,0.294833,9.00
2017-03-01,Beans,Colombian,4343.00,4030.00,1242.00,1130.00,2642.00,0.285977,0.280397,0.608335,112.00
2018-07-01,Leaves,Lemon,1282.00,1100.00,550.00,430.00,206.00,0.429017,0.390909,0.160686,120.00
2018-04-01,Beans,Colombian,1452.00,1450.00,595.00,590.00,483.00,0.409780,0.406897,0.332645,5.00
2015-01-01,Beans,Decaf Espresso,214.00,190.00,68.00,50.00,89.00,0.317757,0.263158,0.415888,18.00
2017-10-01,Leaves,Green Tea,690.00,440.00,555.00,340.00,-258.00,0.804348,0.772727,-0.373913,215.00
2018-07-01,Beans,Decaf Espresso,220.00,210.00,81.00,70.00,80.00,0.368182,0.333333,0.363636,11.00
2016-02-01,Beans,Amaretto,125.00,110.00,51.00,40.00,35.00,0.408000,0.363636,0.280000,11.00
2018-01-01,Beans,Amaretto,346.00,340.00,140.00,140.00,45.00,0.404624,0.411765,0.130058,0.00
2017-05-01,Beans,Amaretto,228.00,250.00,200.00,230.00,-137.00,0.877193,0.920000,-0.600877,-30.00
2016-02-01,Leaves,Darjeeling,118.00,100.00,53.00,40.00,12.00,0.449153,0.400000,0.101695,13.00
2018-05-01,Beans,Regular Espresso,909.00,890.00,443.00,410.00,371.00,0.487349,0.460674,0.408141,33.00
2017-11-01,Beans,Decaf Espresso,1655.00,1600.00,659.00,570.00,638.00,0.398187,0.356250,0.385498,89.00
2018-09-01,Beans,Amaretto,1273.00,1250.00,538.00,520.00,381.00,0.422624,0.416000,0.299293,18.00
2015-06-01,Beans,Caffe Latte,1067.00,880.00,462.00,380.00,333.00,0.432990,0.431818,0.312090,82.00
2015-05-01,Leaves,Green Tea,654.00,460.00,517.00,320.00,-329.00,0.790520,0.695652,-0.503058,197.00
2017-10-01,Beans,Decaf Espresso,1833.00,1590.00,754.00,660.00,723.00,0.411348,0.415094,0.394435,94.00
2017-03-01,Leaves,Darjeeling,785.00,720.00,304.00,260.00,350.00,0.387261,0.361111,0.445860,44.00
2015-06-01,Beans,Caffe Mocha,2059.00,1860.00,817.00,750.00,616.00,0.396795,0.403226,0.299174,67.00
2016-03-01,Beans,Regular Espresso,78.00,70.00,35.00,30.00,-3.00,0.448718,0.428571,-0.038462,5.00
2018-06-01,Beans,Amaretto,817.00,860.00,604.00,690.00,-181.00,0.739290,0.802326,-0.221542,-86.00
2015-05-01,Beans,Caffe Latte,206.00,170.00,88.00,70.00,-6.00,0.427184,0.411765,-0.029126,18.00
2018-08-01,Beans,Colombian,3574.00,4140.00,1441.00,1680.00,1565.00,0.403190,0.405797,0.437885,-239.00
2016-07-01,Beans,Amaretto,540.00,560.00,229.00,230.00,183.00,0.424074,0.410714,0.338889,-1.00
2018-09-01,Beans,Regular Espresso,1537.00,1430.00,677.00,620.00,686.00,0.440468,0.433566,0.446324,57.00
2016-05-01,Beans,Regular Espresso,740.00,720.00,289.00,260.00,309.00,0.390541,0.361111,0.417568,29.00
2016-08-01,Beans,Colombian,1991.00,1790.00,779.00,720.00,875.00,0.391261,0.402235,0.439478,59.00
2016-04-01,Leaves,Darjeeling,868.00,610.00,332.00,230.00,335.00,0.382488,0.377049,0.385945,102.00
2017-07-01,Beans,Caffe Mocha,1433.00,1470.00,696.00,680.00,12.00,0.485694,0.462585,0.008374,16.00
2016-11-01,Beans,Caffe Latte,1555.00,1370.00,676.00,590.00,519.00,0.434727,0.430657,0.333762,86.00
2015-06-01,Beans,Amaretto,96.00,120.00,141.00,170.00,-113.00,1.468750,1.416667,-1.177083,-29.00
2015-06-01,Beans,Colombian,3329.00,3570.00,1270.00,1440.00,1480.00,0.381496,0.403361,0.444578,-170.00
2018-11-01,Leaves,Chamomile,2933.00,2500.00,1220.00,980.00,1148.00,0.415956,0.392000,0.391408,240.00
2018-08-01,Beans,Caffe Latte,2401.00,2120.00,1121.00,1010.00,1036.00,0.466889,0.476415,0.431487,111.00
2017-03-01,Beans,Caffe Latte,977.00,790.00,446.00,350.00,236.00,0.456499,0.443038,0.241556,96.00
2016-03-01,Leaves,Green Tea,519.00,420.00,213.00,150.00,105.00,0.410405,0.357143,0.202312,63.00
2017-03-01,Beans,Caffe Mocha,2055.00,2120.00,863.00,900.00,365.00,0.419951,0.424528,0.177616,-37.00
2016-11-01,Leaves,Chamomile,1778.00,1500.00,695.00,550.00,642.00,0.390889,0.366667,0.361080,145.00
2016-11-01,Leaves,Lemon,2522.00,1910.00,1073.00,830.00,874.00,0.425456,0.434555,0.346550,243.00
2016-12-01,Beans,Caffe Mocha,3494.00,3310.00,1542.00,1420.00,683.00,0.441328,0.429003,0.195478,122.00
2016-07-01,Leaves,Chamomile,1559.00,1340.00,643.00,540.00,603.00,0.412444,0.402985,0.386786,103.00
2016-07-01,Leaves,Lemon,1435.00,1220.00,637.00,530.00,344.00,0.443902,0.434426,0.239721,107.00
2016-10-01,Leaves,Mint,1283.00,1030.00,603.00,460.00,394.00,0.469992,0.446602,0.307093,143.00
2017-06-01,Leaves,Chamomile,1804.00,1530.00,739.00,600.00,667.00,0.409645,0.392157,0.369734,139.00
2017-06-01,Leaves,Lemon,1632.00,1360.00,706.00,550.00,385.00,0.432598,0.404412,0.235907,156.00
2017-12-01,Leaves,Earl Grey,1100.00,1020.00,450.00,400.00,500.00,0.409091,0.392157,0.454545,50.00
2016-07-01,Beans,Decaf Espresso,2054.00,1890.00,881.00,780.00,827.00,0.428919,0.412698,0.402629,101.00
2017-04-01,Leaves,Earl Grey,438.00,280.00,175.00,110.00,158.00,0.399543,0.392857,0.360731,65.00
2017-12-01,Leaves,Green Tea,1168.00,940.00,403.00,310.00,463.00,0.345034,0.329787,0.396404,93.00
2018-06-01,Beans,Colombian,3645.00,3810.00,1331.00,1450.00,1895.00,0.365158,0.380577,0.519890,-119.00
2016-04-01,Leaves,Mint,501.00,370.00,350.00,250.00,-82.00,0.698603,0.675676,-0.163673,100.00
2016-06-01,Leaves,Chamomile,439.00,370.00,180.00,140.00,187.00,0.410023,0.378378,0.425968,40.00
2017-01-01,Leaves,Chamomile,441.00,380.00,186.00,140.00,140.00,0.421769,0.368421,0.317460,46.00
2017-01-01,Leaves,Lemon,1770.00,1470.00,771.00,620.00,675.00,0.435593,0.421769,0.381356,151.00
2017-11-01,Leaves,Mint,954.00,740.00,852.00,630.00,-236.00,0.893082,0.851351,-0.247379,222.00
2015-07-01,Leaves,Lemon,999.00,830.00,463.00,370.00,244.00,0.463463,0.445783,0.244244,93.00
2018-01-01,Leaves,Chamomile,130.00,120.00,58.00,50.00,17.00,0.446154,0.416667,0.130769,8.00
2015-02-01,Leaves,Lemon,901.00,830.00,401.00,360.00,280.00,0.445061,0.433735,0.310766,41.00
2017-02-01,Leaves,Chamomile,1365.00,1160.00,559.00,440.00,386.00,0.409524,0.379310,0.282784,119.00
2018-04-01,Leaves,Mint,719.00,600.00,308.00,250.00,269.00,0.428373,0.416667,0.374131,58.00
2016-06-01,Leaves,Mint,556.00,480.00,222.00,190.00,261.00,0.399281,0.395833,0.469424,32.00
2015-03-01,Beans,Amaretto,151.00,140.00,61.00,50.00,49.00,0.403974,0.357143,0.324503,11.00
2015-08-01,Leaves,Lemon,1552.00,1310.00,659.00,530.00,488.00,0.424613,0.404580,0.314433,129.00
2015-03-01,Beans,Colombian,1622.00,1700.00,651.00,700.00,611.00,0.401356,0.411765,0.376695,-49.00
2015-07-01,Leaves,Earl Grey,1012.00,710.00,467.00,310.00,371.00,0.461462,0.436620,0.366601,157.00
2015-03-01,Beans,Caffe Latte,326.00,270.00,120.00,90.00,10.00,0.368098,0.333333,0.030675,30.00
2015-04-01,Beans,Caffe Latte,89.00,70.00,40.00,30.00,1.00,0.449438,0.428571,0.011236,10.00
2016-09-01,Leaves,Darjeeling,2937.00,2420.00,1182.00,890.00,1225.00,0.402451,0.367769,0.417092,292.00
2018-12-01,Beans,Decaf Irish Cream,1876.00,1930.00,863.00,950.00,420.00,0.460021,0.492228,0.223881,-87.00
2015-07-01,Beans,Decaf Irish Cream,612.00,670.00,311.00,350.00,148.00,0.508170,0.522388,0.241830,-39.00
2016-10-01,Leaves,Earl Grey,1319.00,910.00,630.00,420.00,429.00,0.477635,0.461538,0.325246,210.00
2018-02-01,Beans,Decaf Espresso,886.00,890.00,349.00,330.00,344.00,0.393905,0.370787,0.388262,19.00
2015-01-01,Leaves,Green Tea,94.00,80.00,41.00,30.00,27.00,0.436170,0.375000,0.287234,11.00
2017-03-01,Beans,Decaf Espresso,1512.00,1310.00,616.00,530.00,682.00,0.407407,0.404580,0.451058,86.00
2017-04-01,Leaves,Green Tea,1288.00,1020.00,755.00,540.00,-75.00,0.586180,0.529412,-0.058230,215.00
2018-02-01,Beans,Caffe Mocha,685.00,680.00,300.00,270.00,149.00,0.437956,0.397059,0.217518,30.00
2015-08-01,Beans,Decaf Irish Cream,699.00,720.00,286.00,290.00,294.00,0.409156,0.402778,0.420601,-4.00
2015-02-01,Beans,Amaretto,140.00,140.00,63.00,60.00,21.00,0.450000,0.428571,0.150000,3.00
2017-08-01,Beans,Decaf Irish Cream,501.00,520.00,206.00,210.00,214.00,0.411178,0.403846,0.427146,-4.00
2017-02-01,Beans,Decaf Espresso,663.00,770.00,318.00,360.00,197.00,0.479638,0.467532,0.297134,-42.00
2018-04-01,Beans,Caffe Mocha,932.00,910.00,396.00,350.00,200.00,0.424893,0.384615,0.214592,46.00
2017-04-01,Leaves,Mint,328.00,250.00,320.00,230.00,-193.00,0.975610,0.920000,-0.588415,90.00
2018-03-01,Beans,Colombian,2779.00,2990.00,1140.00,1220.00,1157.00,0.410220,0.408027,0.416337,-80.00
2016-09-01,Beans,Decaf Irish Cream,1969.00,2000.00,863.00,880.00,594.00,0.438294,0.440000,0.301676,-17.00
2018-08-01,Leaves,Lemon,2027.00,1790.00,864.00,730.00,744.00,0.426246,0.407821,0.367045,134.00
2015-10-01,Beans,Caffe Latte,598.00,440.00,243.00,170.00,150.00,0.406355,0.386364,0.250836,73.00
2018-05-01,Beans,Amaretto,581.00,650.00,240.00,270.00,118.00,0.413081,0.415385,0.203098,-30.00
2015-07-01,Beans,Amaretto,223.00,230.00,96.00,100.00,54.00,0.430493,0.434783,0.242152,-4.00
2015-12-01,Beans,Regular Espresso,1852.00,1790.00,838.00,790.00,672.00,0.452484,0.441341,0.362851,48.00
2018-09-01,Beans,Caffe Latte,1438.00,1350.00,663.00,600.00,496.00,0.461057,0.444444,0.344924,63.00
2015-09-01,Beans,Colombian,2692.00,2850.00,1088.00,1190.00,1126.00,0.404160,0.417544,0.418276,-102.00
2018-10-01,Beans,Caffe Latte,916.00,700.00,337.00,260.00,247.00,0.367904,0.371429,0.269651,77.00
2018-09-01,Leaves,Darjeeling,1273.00,960.00,556.00,400.00,328.00,0.436764,0.416667,0.257659,156.00
2017-05-01,Beans,Caffe Mocha,823.00,730.00,349.00,280.00,178.00,0.424058,0.383562,0.216282,69.00
2018-07-01,Leaves,Chamomile,1333.00,1170.00,562.00,480.00,418.00,0.421605,0.410256,0.313578,82.00
2018-08-01,Beans,Regular Espresso,1348.00,1310.00,547.00,510.00,576.00,0.405786,0.389313,0.427300,37.00
2015-04-01,Leaves,Lemon,810.00,650.00,408.00,310.00,110.00,0.503704,0.476923,0.135802,98.00
2016-10-01,Beans,Regular Espresso,567.00,550.00,249.00,230.00,224.00,0.439153,0.418182,0.395062,19.00
2016-07-01,Leaves,Mint,1095.00,850.00,523.00,390.00,308.00,0.477626,0.458824,0.281279,133.00
2015-04-01,Beans,Colombian,1376.00,1690.00,553.00,650.00,468.00,0.401890,0.384615,0.340116,-97.00
2016-05-01,Beans,Caffe Latte,919.00,820.00,430.00,380.00,334.00,0.467900,0.463415,0.363439,50.00
2016-07-01,Beans,Caffe Mocha,1081.00,990.00,458.00,400.00,211.00,0.423682,0.404040,0.195190,58.00
2016-08-01,Beans,Decaf Espresso,509.00,490.00,237.00,220.00,131.00,0.465619,0.448980,0.257367,17.00
2016-08-01,Leaves,Darjeeling,1678.00,1260.00,694.00,480.00,583.00,0.413588,0.380952,0.347437,214.00
2017-02-01,Leaves,Lemon,2350.00,1980.00,1002.00,790.00,640.00,0.426383,0.398990,0.272340,212.00
2015-05-01,Leaves,Chamomile,752.00,580.00,307.00,230.00,150.00,0.408245,0.396552,0.199468,77.00
2018-07-01,Leaves,Green Tea,641.00,630.00,257.00,240.00,281.00,0.400936,0.380952,0.438378,17.00
2017-02-01,Leaves,Mint,607.00,530.00,314.00,260.00,136.00,0.517298,0.490566,0.224053,54.00
2016-05-01,Leaves,Chamomile,305.00,250.00,124.00,90.00,123.00,0.406557,0.360000,0.403279,34.00
2018-07-01,Leaves,Darjeeling,1066.00,910.00,477.00,390.00,348.00,0.447467,0.428571,0.326454,87.00
2016-03-01,Beans,Caffe Mocha,461.00,380.00,178.00,150.00,53.00,0.386117,0.394737,0.114967,28.00
2018-08-01,Beans,Amaretto,483.00,600.00,363.00,460.00,-196.00,0.751553,0.766667,-0.405797,-97.00
2018-07-01,Beans,Decaf Irish Cream,309.00,400.00,324.00,400.00,-243.00,1.048544,1.000000,-0.786408,-76.00
2018-02-01,Beans,Colombian,137.00,170.00,57.00,70.00,18.00,0.416058,0.411765,0.131387,-13.00
2017-10-01,Leaves,Darjeeling,1195.00,910.00,515.00,390.00,455.00,0.430962,0.428571,0.380753,125.00
2016-06-01,Leaves,Green Tea,787.00,580.00,290.00,190.00,326.00,0.368488,0.327586,0.414231,100.00
2015-11-01,Leaves,Earl Grey,2091.00,1540.00,907.00,660.00,825.00,0.433764,0.428571,0.394548,247.00
2015-10-01,Beans,Decaf Irish Cream,488.00,540.00,251.00,270.00,123.00,0.514344,0.500000,0.252049,-19.00
2016-03-01,Beans,Decaf Irish Cream,989.00,1060.00,451.00,480.00,238.00,0.456016,0.452830,0.240647,-29.00
2015-02-01,Beans,Caffe Mocha,308.00,290.00,136.00,120.00,79.00,0.441558,0.413793,0.256494,16.00
2017-08-01,Leaves,Earl Grey,1207.00,860.00,524.00,360.00,374.00,0.434134,0.418605,0.309859,164.00
2017-08-01,Leaves,Green Tea,391.00,270.00,406.00,220.00,-345.00,1.038363,0.814815,-0.882353,186.00
2015-03-01,Leaves,Green Tea,414.00,200.00,454.00,280.00,-496.00,1.096618,1.400000,-1.198068,174.00
2017-06-01,Beans,Amaretto,120.00,90.00,49.00,30.00,33.00,0.408333,0.333333,0.275000,19.00
2015-04-01,Beans,Decaf Espresso,1009.00,1190.00,462.00,540.00,323.00,0.457879,0.453782,0.320119,-78.00
2016-03-01,Leaves,Lemon,1337.00,1070.00,564.00,450.00,487.00,0.421840,0.420561,0.364248,114.00
2017-09-01,Beans,Regular Espresso,926.00,850.00,410.00,370.00,424.00,0.442765,0.435294,0.457883,40.00
2018-07-01,Beans,Regular Espresso,765.00,720.00,239.00,210.00,435.00,0.312418,0.291667,0.568627,29.00
2016-07-01,Beans,Caffe Latte,465.00,350.00,186.00,140.00,100.00,0.400000,0.400000,0.215054,46.00
2015-03-01,Leaves,Lemon,1646.00,1280.00,669.00,510.00,627.00,0.406440,0.398438,0.380923,159.00
2015-02-01,Beans,Caffe Latte,56.00,30.00,25.00,10.00,-12.00,0.446429,0.333333,-0.214286,15.00
2018-06-01,Leaves,Mint,957.00,750.00,394.00,310.00,398.00,0.411703,0.413333,0.415883,84.00
2015-11-01,Leaves,Darjeeling,2256.00,2060.00,946.00,830.00,927.00,0.419326,0.402913,0.410904,116.00
2015-12-01,Leaves,Earl Grey,929.00,800.00,378.00,320.00,299.00,0.406889,0.400000,0.321851,58.00
2017-05-01,Leaves,Mint,746.00,470.00,538.00,330.00,-79.00,0.721180,0.702128,-0.105898,208.00
2017-05-01,Beans,Caffe Latte,438.00,330.00,176.00,120.00,144.00,0.401826,0.363636,0.328767,56.00
2015-11-01,Leaves,Mint,441.00,330.00,183.00,130.00,184.00,0.414966,0.393939,0.417234,53.00
2017-02-01,Leaves,Darjeeling,385.00,340.00,158.00,130.00,186.00,0.410390,0.382353,0.483117,28.00
2016-07-01,Beans,Decaf Irish Cream,274.00,310.00,147.00,160.00,27.00,0.536496,0.516129,0.098540,-13.00
2016-03-01,Leaves,Chamomile,595.00,480.00,263.00,210.00,244.00,0.442017,0.437500,0.410084,53.00
2016-11-01,Leaves,Mint,961.00,740.00,583.00,460.00,29.00,0.606660,0.621622,0.030177,123.00
2015-11-01,Beans,Amaretto,415.00,500.00,179.00,210.00,91.00,0.431325,0.420000,0.219277,-31.00
2016-06-01,Leaves,Lemon,1406.00,1090.00,592.00,460.00,489.00,0.421053,0.422018,0.347795,132.00
2016-06-01,Beans,Caffe Mocha,551.00,530.00,337.00,300.00,-192.00,0.611615,0.566038,-0.348457,37.00
2015-05-01,Leaves,Mint,467.00,340.00,477.00,350.00,-269.00,1.021413,1.029412,-0.576017,127.00
2015-05-01,Leaves,Earl Grey,775.00,670.00,319.00,270.00,358.00,0.411613,0.402985,0.461935,49.00
2017-03-01,Beans,Regular Espresso,76.00,70.00,34.00,30.00,-3.00,0.447368,0.428571,-0.039474,4.00
2017-02-01,Leaves,Earl Grey,937.00,800.00,420.00,330.00,288.00,0.448239,0.412500,0.307364,90.00
2018-03-01,Beans,Caffe Latte,714.00,580.00,304.00,220.00,129.00,0.425770,0.379310,0.180672,84.00
2016-07-01,Leaves,Earl Grey,1491.00,1230.00,602.00,510.00,631.00,0.403756,0.414634,0.423206,92.00
2016-03-01,Beans,Caffe Latte,321.00,230.00,136.00,100.00,85.00,0.423676,0.434783,0.264798,36.00
2017-08-01,Leaves,Darjeeling,1300.00,1050.00,630.00,480.00,457.00,0.484615,0.457143,0.351538,150.00
2016-01-01,Beans,Decaf Espresso,691.00,640.00,306.00,270.00,269.00,0.442836,0.421875,0.389291,36.00
2017-03-01,Beans,Decaf Irish Cream,715.00,840.00,418.00,500.00,22.00,0.584615,0.595238,0.030769,-82.00
2018-08-01,Leaves,Earl Grey,1131.00,1020.00,444.00,410.00,503.00,0.392573,0.401961,0.444739,34.00
2018-02-01,Leaves,Green Tea,140.00,140.00,54.00,50.00,54.00,0.385714,0.357143,0.385714,4.00
2016-12-01,Leaves,Green Tea,257.00,210.00,105.00,80.00,41.00,0.408560,0.380952,0.159533,25.00
2016-07-01,Leaves,Green Tea,319.00,250.00,114.00,80.00,124.00,0.357367,0.320000,0.388715,34.00
2018-09-01,Leaves,Green Tea,1124.00,700.00,685.00,430.00,-370.00,0.609431,0.614286,-0.329181,255.00
2015-05-01,Leaves,Darjeeling,598.00,290.00,257.00,110.00,224.00,0.429766,0.379310,0.374582,147.00
2016-02-01,Beans,Decaf Irish Cream,639.00,680.00,315.00,330.00,116.00,0.492958,0.485294,0.181534,-15.00
2018-01-01,Beans,Decaf Espresso,520.00,540.00,204.00,200.00,247.00,0.392308,0.370370,0.475000,4.00
2016-06-01,Beans,Amaretto,433.00,480.00,190.00,200.00,74.00,0.438799,0.416667,0.170901,-10.00
2016-06-01,Beans,Colombian,596.00,720.00,275.00,330.00,273.00,0.461409,0.458333,0.458054,-55.00
2017-07-01,Beans,Amaretto,426.00,420.00,203.00,200.00,91.00,0.476526,0.476190,0.213615,3.00
2016-07-01,Beans,Regular Espresso,126.00,110.00,54.00,40.00,-20.00,0.428571,0.363636,-0.158730,14.00
2016-05-01,Beans,Amaretto,102.00,120.00,127.00,150.00,-88.00,1.245098,1.250000,-0.862745,-23.00
2015-10-01,Beans,Amaretto,251.00,290.00,110.00,120.00,29.00,0.438247,0.413793,0.115538,-10.00
2016-04-01,Beans,Caffe Latte,655.00,580.00,285.00,260.00,258.00,0.435115,0.448276,0.393893,25.00
2015-01-01,Leaves,Lemon,224.00,200.00,94.00,80.00,15.00,0.419643,0.400000,0.066964,14.00
2016-10-01,Leaves,Lemon,1119.00,940.00,447.00,350.00,413.00,0.399464,0.372340,0.369080,97.00
2018-03-01,Leaves,Darjeeling,1982.00,1640.00,829.00,650.00,809.00,0.418264,0.396341,0.408174,179.00
2018-03-01,Leaves,Earl Grey,1975.00,1630.00,854.00,690.00,694.00,0.432405,0.423313,0.351392,164.00
2018-11-01,Beans,Regular Espresso,382.00,330.00,170.00,160.00,156.00,0.445026,0.484848,0.408377,10.00
2015-11-01,Beans,Regular Espresso,548.00,480.00,228.00,210.00,273.00,0.416058,0.437500,0.498175,18.00
2015-02-01,Leaves,Chamomile,210.00,190.00,86.00,80.00,89.00,0.409524,0.421053,0.423810,6.00
2018-07-01,Beans,Amaretto,756.00,720.00,373.00,390.00,145.00,0.493386,0.541667,0.191799,-17.00
2018-01-01,Leaves,Lemon,819.00,560.00,357.00,260.00,219.00,0.435897,0.464286,0.267399,97.00
2015-03-01,Beans,Regular Espresso,73.00,60.00,29.00,20.00,-12.00,0.397260,0.333333,-0.164384,9.00
2016-03-01,Leaves,Earl Grey,513.00,370.00,196.00,140.00,134.00,0.382066,0.378378,0.261209,56.00
2015-03-01,Leaves,Mint,719.00,570.00,316.00,250.00,275.00,0.439499,0.438596,0.382476,66.00
2015-03-01,Leaves,Darjeeling,714.00,580.00,330.00,270.00,248.00,0.462185,0.465517,0.347339,60.00
2017-11-01,Beans,Colombian,1800.00,1880.00,701.00,770.00,651.00,0.389444,0.409574,0.361667,-69.00
2016-10-01,Leaves,Darjeeling,1645.00,1180.00,710.00,510.00,563.00,0.431611,0.432203,0.342249,200.00
2016-02-01,Beans,Caffe Latte,251.00,200.00,94.00,80.00,124.00,0.374502,0.400000,0.494024,14.00
2016-03-01,Beans,Decaf Espresso,446.00,420.00,177.00,160.00,201.00,0.396861,0.380952,0.450673,17.00
2018-10-01,Beans,Regular Espresso,420.00,380.00,200.00,160.00,86.00,0.476190,0.421053,0.204762,40.00
2017-09-01,Beans,Caffe Latte,509.00,380.00,197.00,140.00,218.00,0.387033,0.368421,0.428291,57.00
2015-08-01,Beans,Caffe Latte,535.00,460.00,201.00,160.00,178.00,0.375701,0.347826,0.332710,41.00
2016-01-01,Beans,Decaf Irish Cream,602.00,610.00,340.00,380.00,56.00,0.564784,0.622951,0.093023,-40.00
2015-09-01,Beans,Caffe Latte,938.00,840.00,439.00,410.00,402.00,0.468017,0.488095,0.428571,29.00
2018-06-01,Leaves,Green Tea,382.00,320.00,149.00,120.00,136.00,0.390052,0.375000,0.356021,29.00
2015-12-01,Leaves,Lemon,3528.00,2870.00,1536.00,1240.00,1383.00,0.435374,0.432056,0.392007,296.00
2015-07-01,Leaves,Mint,247.00,200.00,95.00,80.00,147.00,0.384615,0.400000,0.595142,15.00
2018-05-01,Leaves,Chamomile,805.00,660.00,320.00,280.00,430.00,0.397516,0.424242,0.534161,40.00
2015-03-01,Leaves,Chamomile,295.00,230.00,110.00,80.00,144.00,0.372881,0.347826,0.488136,30.00
2018-05-01,Leaves,Lemon,1947.00,1470.00,793.00,620.00,909.00,0.407293,0.421769,0.466872,173.00
2015-11-01,Leaves,Green Tea,1187.00,860.00,691.00,500.00,-157.00,0.582140,0.581395,-0.132266,191.00
2015-07-01,Beans,Regular Espresso,903.00,820.00,401.00,370.00,428.00,0.444075,0.451220,0.473976,31.00
2017-01-01,Beans,Decaf Irish Cream,271.00,260.00,104.00,110.00,141.00,0.383764,0.423077,0.520295,-6.00
2015-01-01,Beans,Caffe Mocha,274.00,240.00,107.00,100.00,-10.00,0.390511,0.416667,-0.036496,7.00
2015-01-01,Beans,Regular Espresso,80.00,70.00,33.00,30.00,-6.00,0.412500,0.428571,-0.075000,3.00
2018-03-01,Leaves,Mint,380.00,300.00,188.00,150.00,94.00,0.494737,0.500000,0.247368,38.00
2018-11-01,Beans,Amaretto,769.00,780.00,432.00,470.00,-2.00,0.561769,0.602564,-0.002601,-38.00
2018-05-01,Leaves,Darjeeling,1679.00,1180.00,693.00,490.00,728.00,0.412746,0.415254,0.433591,203.00
2018-04-01,Beans,Caffe Latte,412.00,350.00,148.00,130.00,179.00,0.359223,0.371429,0.434466,18.00
2017-03-01,Beans,Amaretto,370.00,350.00,141.00,140.00,214.00,0.381081,0.400000,0.578378,1.00
2016-08-01,Beans,Amaretto,261.00,240.00,106.00,90.00,90.00,0.406130,0.375000,0.344828,16.00
2015-04-01,Leaves,Mint,494.00,400.00,206.00,160.00,265.00,0.417004,0.400000,0.536437,46.00
2016-01-01,Leaves,Earl Grey,420.00,330.00,161.00,130.00,189.00,0.383333,0.393939,0.450000,31.00
2016-01-01,Leaves,Green Tea,104.00,80.00,43.00,30.00,43.00,0.413462,0.375000,0.413462,13.00
2016-04-01,Beans,Amaretto,718.00,670.00,278.00,260.00,284.00,0.387187,0.388060,0.395543,18.00
2015-05-01,Beans,Regular Espresso,69.00,60.00,29.00,20.00,-13.00,0.420290,0.333333,-0.188406,9.00
2016-09-01,Leaves,Mint,698.00,530.00,269.00,200.00,362.00,0.385387,0.377358,0.518625,69.00
2017-09-01,Beans,Amaretto,295.00,330.00,199.00,240.00,-43.00,0.674576,0.727273,-0.145763,-41.00
2018-05-01,Leaves,Mint,459.00,310.00,388.00,280.00,-214.00,0.845316,0.903226,-0.466231,108.00
2017-08-01,Beans,Decaf Espresso,1249.00,1150.00,510.00,450.00,622.00,0.408327,0.391304,0.497998,60.00
2017-10-01,Beans,Decaf Irish Cream,833.00,1080.00,332.00,420.00,224.00,0.398559,0.388889,0.268908,-88.00
2018-06-01,Leaves,Earl Grey,160.00,130.00,63.00,50.00,1.00,0.393750,0.384615,0.006250,13.00
2016-05-01,Beans,Decaf Irish Cream,84.00,90.00,32.00,40.00,40.00,0.380952,0.444444,0.476190,-8.00
2016-02-01,Leaves,Green Tea,66.00,60.00,25.00,20.00,27.00,0.378788,0.333333,0.409091,5.00
2016-01-01,Leaves,Mint,190.00,150.00,78.00,60.00,92.00,0.410526,0.400000,0.484211,18.00
2016-01-01,Leaves,Darjeeling,242.00,180.00,97.00,70.00,61.00,0.400826,0.388889,0.252066,27.00
2015-04-01,Leaves,Earl Grey,2378.00,1690.00,1005.00,650.00,1061.00,0.422624,0.384615,0.446173,355.00
2015-10-01,Leaves,Darjeeling,238.00,150.00,91.00,60.00,142.00,0.382353,0.400000,0.596639,31.00
2015-10-01,Leaves,Earl Grey,211.00,130.00,81.00,50.00,123.00,0.383886,0.384615,0.582938,31.00
2017-12-01,Beans,Regular Espresso,139.00,130.00,63.00,50.00,-16.00,0.453237,0.384615,-0.115108,13.00
2016-05-01,Leaves,Lemon,1004.00,860.00,412.00,330.00,366.00,0.410359,0.383721,0.364542,82.00
2018-05-01,Beans,Caffe Latte,451.00,290.00,180.00,110.00,156.00,0.399113,0.379310,0.345898,70.00
2017-02-01,Beans,Decaf Irish Cream,190.00,220.00,80.00,100.00,50.00,0.421053,0.454545,0.263158,-20.00
2017-01-01,Leaves,Mint,168.00,130.00,78.00,50.00,65.00,0.464286,0.384615,0.386905,28.00
2016-06-01,Beans,Regular Espresso,964.00,950.00,409.00,380.00,554.00,0.424274,0.400000,0.574689,29.00
2017-01-01,Leaves,Green Tea,129.00,140.00,53.00,50.00,72.00,0.410853,0.357143,0.558140,3.00
2018-02-01,Leaves,Mint,326.00,200.00,145.00,80.00,121.00,0.444785,0.400000,0.371166,65.00
2015-01-01,Leaves,Chamomile,124.00,110.00,51.00,40.00,47.00,0.411290,0.363636,0.379032,11.00
2015-10-01,Leaves,Green Tea,75.00,50.00,34.00,20.00,-4.00,0.453333,0.400000,-0.053333,14.00
2017-01-01,Beans,Colombian,904.00,860.00,364.00,340.00,511.00,0.402655,0.395349,0.565265,24.00
2017-05-01,Beans,Regular Espresso,541.00,530.00,266.00,250.00,251.00,0.491682,0.471698,0.463956,16.00
2018-02-01,Beans,Decaf Irish Cream,143.00,180.00,59.00,70.00,80.00,0.412587,0.388889,0.559441,-11.00
2015-10-01,Leaves,Mint,566.00,460.00,237.00,180.00,274.00,0.418728,0.391304,0.484099,57.00
2018-03-01,Beans,Regular Espresso,538.00,530.00,266.00,250.00,247.00,0.494424,0.471698,0.459108,16.00
2018-08-01,Leaves,Mint,540.00,470.00,274.00,230.00,190.00,0.507407,0.489362,0.351852,44.00
2015-04-01,Beans,Amaretto,192.00,190.00,84.00,80.00,48.00,0.437500,0.421053,0.250000,4.00
2018-08-01,Leaves,Chamomile,871.00,660.00,358.00,260.00,429.00,0.411022,0.393939,0.492537,98.00
2015-07-01,Beans,Caffe Latte,258.00,190.00,86.00,60.00,107.00,0.333333,0.315789,0.414729,26.00
2018-05-01,Leaves,Green Tea,159.00,100.00,62.00,40.00,3.00,0.389937,0.400000,0.018868,22.00
2018-02-01,Leaves,Darjeeling,379.00,280.00,145.00,100.00,220.00,0.382586,0.357143,0.580475,45.00
2016-02-01,Beans,Decaf Espresso,262.00,290.00,85.00,80.00,127.00,0.324427,0.275862,0.484733,5.00
2015-10-01,Beans,Regular Espresso,815.00,720.00,239.00,210.00,646.00,0.293252,0.291667,0.792638,29.00
2016-08-01,Beans,Caffe Latte,319.00,280.00,110.00,100.00,126.00,0.344828,0.357143,0.394984,10.00
2018-02-01,Leaves,Earl Grey,131.00,80.00,50.00,30.00,70.00,0.381679,0.375000,0.534351,20.00
2016-03-01,Beans,Amaretto,164.00,140.00,62.00,50.00,60.00,0.378049,0.357143,0.365854,12.00
2015-09-01,Beans,Regular Espresso,1026.00,930.00,403.00,390.00,592.00,0.392788,0.419355,0.576998,13.00
2015-04-01,Beans,Regular Espresso,48.00,40.00,20.00,10.00,-24.00,0.416667,0.250000,-0.500000,10.00